{
  "timestamp": "20260617_021513",
  "dump": "C:\\Tarek-Datain\\RAG APPs\\ArabFinancial News\\eval\\results\\pipeline_outputs_20260616_212850.jsonl",
  "ks": [
    1,
    3,
    5
  ],
  "n_questions": 7,
  "overall": {
    "hit@1": 0.7142857142857143,
    "recall@1": 0.7142857142857143,
    "precision@1": 0.7142857142857143,
    "hit@3": 0.7142857142857143,
    "recall@3": 0.7142857142857143,
    "precision@3": 0.23809523809523808,
    "hit@5": 0.7142857142857143,
    "recall@5": 0.7142857142857143,
    "precision@5": 0.14285714285714285,
    "mrr": 0.7142857142857143
  },
  "by_type": {
    "factual": {
      "hit@1": 0.7142857142857143,
      "recall@1": 0.7142857142857143,
      "precision@1": 0.7142857142857143,
      "hit@3": 0.7142857142857143,
      "recall@3": 0.7142857142857143,
      "precision@3": 0.23809523809523808,
      "hit@5": 0.7142857142857143,
      "recall@5": 0.7142857142857143,
      "precision@5": 0.14285714285714285,
      "mrr": 0.7142857142857143
    }
  },
  "per_question": [
    {
      "question_type": "factual",
      "reference_article_ids": [
        1298383
      ],
      "retrieved_ids": [
        1298383,
        1298586,
        1298675,
        1332866,
        1332965
      ],
      "scores": {
        "hit@1": 1.0,
        "recall@1": 1.0,
        "precision@1": 1.0,
        "hit@3": 1.0,
        "recall@3": 1.0,
        "precision@3": 0.3333333333333333,
        "hit@5": 1.0,
        "recall@5": 1.0,
        "precision@5": 0.2,
        "mrr": 1.0
      }
    },
    {
      "question_type": "factual",
      "reference_article_ids": [
        1301714
      ],
      "retrieved_ids": [
        1336003,
        1328322,
        1320426,
        1333662,
        1330838
      ],
      "scores": {
        "hit@1": 0.0,
        "recall@1": 0.0,
        "precision@1": 0.0,
        "hit@3": 0.0,
        "recall@3": 0.0,
        "precision@3": 0.0,
        "hit@5": 0.0,
        "recall@5": 0.0,
        "precision@5": 0.0,
        "mrr": 0.0
      }
    },
    {
      "question_type": "factual",
      "reference_article_ids": [
        1300503
      ],
      "retrieved_ids": [
        1340372,
        1339231,
        1339042
      ],
      "scores": {
        "hit@1": 0.0,
        "recall@1": 0.0,
        "precision@1": 0.0,
        "hit@3": 0.0,
        "recall@3": 0.0,
        "precision@3": 0.0,
        "hit@5": 0.0,
        "recall@5": 0.0,
        "precision@5": 0.0,
        "mrr": 0.0
      }
    },
    {
      "question_type": "factual",
      "reference_article_ids": [
        1298352
      ],
      "retrieved_ids": [
        1298352,
        1300183,
        1303080,
        1298426,
        1308195
      ],
      "scores": {
        "hit@1": 1.0,
        "recall@1": 1.0,
        "precision@1": 1.0,
        "hit@3": 1.0,
        "recall@3": 1.0,
        "precision@3": 0.3333333333333333,
        "hit@5": 1.0,
        "recall@5": 1.0,
        "precision@5": 0.2,
        "mrr": 1.0
      }
    },
    {
      "question_type": "factual",
      "reference_article_ids": [
        1298371
      ],
      "retrieved_ids": [
        1298371
      ],
      "scores": {
        "hit@1": 1.0,
        "recall@1": 1.0,
        "precision@1": 1.0,
        "hit@3": 1.0,
        "recall@3": 1.0,
        "precision@3": 0.3333333333333333,
        "hit@5": 1.0,
        "recall@5": 1.0,
        "precision@5": 0.2,
        "mrr": 1.0
      }
    },
    {
      "question_type": "factual",
      "reference_article_ids": [
        1300242
      ],
      "retrieved_ids": [
        1300242
      ],
      "scores": {
        "hit@1": 1.0,
        "recall@1": 1.0,
        "precision@1": 1.0,
        "hit@3": 1.0,
        "recall@3": 1.0,
        "precision@3": 0.3333333333333333,
        "hit@5": 1.0,
        "recall@5": 1.0,
        "precision@5": 0.2,
        "mrr": 1.0
      }
    },
    {
      "question_type": "factual",
      "reference_article_ids": [
        1298934
      ],
      "retrieved_ids": [
        1298934,
        1306771,
        1298652,
        1301731,
        1332658
      ],
      "scores": {
        "hit@1": 1.0,
        "recall@1": 1.0,
        "precision@1": 1.0,
        "hit@3": 1.0,
        "recall@3": 1.0,
        "precision@3": 0.3333333333333333,
        "hit@5": 1.0,
        "recall@5": 1.0,
        "precision@5": 0.2,
        "mrr": 1.0
      }
    }
  ]
}